rank,feature,importance,importance_std,importance_pct,direction,non_physical
1,pl_orbper,0.18255,0.01139,29.51,0.7,0
2,pl_rade,0.1752,0.01135,28.32,0.2001,0
3,pl_insol,0.08094,0.00722,13.08,-0.8753,0
4,pl_eqt,0.06543,0.0041,10.58,-0.8263,0
5,st_teff,0.05171,0.00448,8.36,-0.1776,0
6,st_logg,0.0329,0.00427,5.32,0.1546,0
7,st_rad,0.02988,0.00279,4.83,-0.1483,0
